{
    "accuracy": 0.9418710263396912,
    "precision": 0.8650793650793651,
    "recall": 0.6987179487179487,
    "auc": 0.9239723239723239
}
