{
    "accuracy": 0.9262023217247097,
    "precision": 0.813953488372093,
    "recall": 0.6176470588235294,
    "auc": 0.9061889620713152
}
